epoc (ms),timestamp (+0200),elapsed (s),x-axis (g),y-axis (g),z-axis (g)
1680017577886,2023-03-28T17.32.57.886,0.000,0.017,-0.037,1.012
1680017577896,2023-03-28T17.32.57.896,0.010,0.018,-0.037,1.022
1680017577906,2023-03-28T17.32.57.906,0.020,0.013,-0.025,1.015
1680017577916,2023-03-28T17.32.57.916,0.030,0.006,-0.011,1.013
1680017577926,2023-03-28T17.32.57.926,0.040,0.004,0.001,1.020
1680017577936,2023-03-28T17.32.57.936,0.050,0.004,0.001,1.017
1680017577946,2023-03-28T17.32.57.946,0.060,0.010,-0.010,1.019
1680017577956,2023-03-28T17.32.57.956,0.070,0.015,-0.026,1.017
1680017577966,2023-03-28T17.32.57.966,0.080,0.014,-0.034,1.017
1680017577976,2023-03-28T17.32.57.976,0.090,0.014,-0.026,1.019
1680017577986,2023-03-28T17.32.57.986,0.100,0.013,-0.014,1.017
1680017577996,2023-03-28T17.32.57.996,0.110,0.008,-0.005,1.019
1680017578006,2023-03-28T17.32.58.006,0.120,0.005,-0.002,1.017
1680017578016,2023-03-28T17.32.58.016,0.130,0.003,-0.008,1.018
1680017578026,2023-03-28T17.32.58.026,0.140,0.011,-0.016,1.020
1680017578036,2023-03-28T17.32.58.036,0.150,0.017,-0.025,1.017
1680017578046,2023-03-28T17.32.58.046,0.160,0.016,-0.029,1.017
1680017578056,2023-03-28T17.32.58.056,0.170,0.012,-0.024,1.018
1680017578066,2023-03-28T17.32.58.066,0.180,0.009,-0.015,1.017
1680017578076,2023-03-28T17.32.58.076,0.190,0.008,-0.005,1.019
1680017578086,2023-03-28T17.32.58.086,0.200,0.008,-0.003,1.018
1680017578096,2023-03-28T17.32.58.096,0.210,0.008,-0.011,1.014
1680017578106,2023-03-28T17.32.58.106,0.220,0.011,-0.021,1.018
1680017578116,2023-03-28T17.32.58.116,0.230,0.015,-0.025,1.018
1680017578126,2023-03-28T17.32.58.126,0.240,0.016,-0.026,1.016
1680017578136,2023-03-28T17.32.58.136,0.250,0.014,-0.019,1.018
1680017578146,2023-03-28T17.32.58.146,0.260,0.007,-0.011,1.017
1680017578156,2023-03-28T17.32.58.156,0.270,0.003,-0.006,1.018
1680017578166,2023-03-28T17.32.58.166,0.280,0.008,-0.005,1.018
1680017578176,2023-03-28T17.32.58.176,0.290,0.012,-0.013,1.018
1680017578186,2023-03-28T17.32.58.186,0.300,0.013,-0.021,1.018
1680017578196,2023-03-28T17.32.58.196,0.310,0.015,-0.029,1.019
1680017578206,2023-03-28T17.32.58.206,0.320,0.014,-0.026,1.019
1680017578216,2023-03-28T17.32.58.216,0.330,0.011,-0.017,1.018
1680017578226,2023-03-28T17.32.58.226,0.340,0.007,-0.007,1.018
1680017578236,2023-03-28T17.32.58.236,0.350,0.004,-0.005,1.018
1680017578246,2023-03-28T17.32.58.246,0.360,0.006,-0.008,1.017
1680017578256,2023-03-28T17.32.58.256,0.370,0.010,-0.018,1.020
1680017578266,2023-03-28T17.32.58.266,0.380,0.014,-0.024,1.020
1680017578276,2023-03-28T17.32.58.276,0.390,0.015,-0.024,1.021
1680017578286,2023-03-28T17.32.58.286,0.400,0.014,-0.021,1.018
1680017578296,2023-03-28T17.32.58.296,0.410,0.009,-0.014,1.016
1680017578306,2023-03-28T17.32.58.306,0.420,0.007,-0.005,1.017
1680017578316,2023-03-28T17.32.58.316,0.430,0.007,-0.006,1.020
1680017578326,2023-03-28T17.32.58.326,0.440,0.008,-0.012,1.018
1680017578336,2023-03-28T17.32.58.336,0.450,0.012,-0.021,1.017
1680017578346,2023-03-28T17.32.58.346,0.460,0.014,-0.027,1.017
1680017578356,2023-03-28T17.32.58.356,0.470,0.013,-0.025,1.017
1680017578366,2023-03-28T17.32.58.366,0.480,0.012,-0.019,1.018
1680017578376,2023-03-28T17.32.58.376,0.490,0.010,-0.012,1.017
1680017578386,2023-03-28T17.32.58.386,0.500,0.006,-0.008,1.017
1680017578396,2023-03-28T17.32.58.396,0.510,0.007,-0.010,1.016
1680017578406,2023-03-28T17.32.58.406,0.520,0.010,-0.015,1.019
1680017578416,2023-03-28T17.32.58.416,0.530,0.013,-0.021,1.018
1680017578426,2023-03-28T17.32.58.426,0.540,0.013,-0.023,1.019
1680017578436,2023-03-28T17.32.58.436,0.550,0.014,-0.021,1.018
1680017578446,2023-03-28T17.32.58.446,0.560,0.011,-0.016,1.018
1680017578456,2023-03-28T17.32.58.456,0.570,0.009,-0.008,1.018
1680017578466,2023-03-28T17.32.58.466,0.580,0.009,-0.006,1.019
1680017578476,2023-03-28T17.32.58.476,0.590,0.007,-0.013,1.017
1680017578486,2023-03-28T17.32.58.486,0.600,0.011,-0.018,1.017
1680017578496,2023-03-28T17.32.58.496,0.610,0.013,-0.021,1.020
1680017578506,2023-03-28T17.32.58.506,0.620,0.013,-0.022,1.020
1680017578516,2023-03-28T17.32.58.516,0.630,0.012,-0.020,1.019
1680017578526,2023-03-28T17.32.58.526,0.640,0.010,-0.013,1.019
1680017578536,2023-03-28T17.32.58.536,0.650,0.008,-0.008,1.017
1680017578546,2023-03-28T17.32.58.546,0.660,0.007,-0.009,1.019
1680017578556,2023-03-28T17.32.58.556,0.670,0.009,-0.014,1.020
1680017578566,2023-03-28T17.32.58.566,0.680,0.011,-0.019,1.019
1680017578576,2023-03-28T17.32.58.576,0.690,0.012,-0.023,1.017
1680017578586,2023-03-28T17.32.58.586,0.700,0.014,-0.021,1.017
1680017578596,2023-03-28T17.32.58.596,0.710,0.011,-0.016,1.019
1680017578606,2023-03-28T17.32.58.606,0.720,0.008,-0.010,1.019
1680017578616,2023-03-28T17.32.58.616,0.730,0.006,-0.010,1.020
1680017578626,2023-03-28T17.32.58.626,0.740,0.007,-0.013,1.018
1680017578636,2023-03-28T17.32.58.636,0.750,0.012,-0.017,1.016
1680017578646,2023-03-28T17.32.58.646,0.760,0.013,-0.022,1.019
1680017578656,2023-03-28T17.32.58.656,0.770,0.013,-0.024,1.020
1680017578666,2023-03-28T17.32.58.666,0.780,0.011,-0.020,1.018
1680017578676,2023-03-28T17.32.58.676,0.790,0.009,-0.015,1.018
1680017578686,2023-03-28T17.32.58.686,0.800,0.008,-0.010,1.017
1680017578696,2023-03-28T17.32.58.696,0.810,0.007,-0.009,1.018
1680017578706,2023-03-28T17.32.58.706,0.820,0.010,-0.012,1.019
1680017578716,2023-03-28T17.32.58.716,0.830,0.010,-0.018,1.018
1680017578726,2023-03-28T17.32.58.726,0.840,0.014,-0.021,1.018
1680017578736,2023-03-28T17.32.58.736,0.850,0.014,-0.023,1.017
1680017578746,2023-03-28T17.32.58.746,0.860,0.013,-0.018,1.018
1680017578756,2023-03-28T17.32.58.756,0.870,0.009,-0.015,1.019
1680017578766,2023-03-28T17.32.58.766,0.880,0.008,-0.010,1.017
1680017578776,2023-03-28T17.32.58.776,0.890,0.011,-0.011,1.018
1680017578786,2023-03-28T17.32.58.786,0.900,0.011,-0.014,1.019
1680017578796,2023-03-28T17.32.58.796,0.910,0.012,-0.019,1.018
1680017578806,2023-03-28T17.32.58.806,0.920,0.013,-0.023,1.019
1680017578816,2023-03-28T17.32.58.816,0.930,0.014,-0.020,1.015
1680017578826,2023-03-28T17.32.58.826,0.940,0.010,-0.016,1.016
1680017578836,2023-03-28T17.32.58.836,0.950,0.009,-0.011,1.018
1680017578846,2023-03-28T17.32.58.846,0.960,0.009,-0.010,1.018
1680017578856,2023-03-28T17.32.58.856,0.970,0.009,-0.012,1.019
1680017578866,2023-03-28T17.32.58.866,0.980,0.011,-0.016,1.019
1680017578876,2023-03-28T17.32.58.876,0.990,0.013,-0.019,1.018
1680017578886,2023-03-28T17.32.58.886,1.000,0.013,-0.021,1.019
1680017578896,2023-03-28T17.32.58.896,1.010,0.011,-0.019,1.018
1680017578906,2023-03-28T17.32.58.906,1.020,0.009,-0.014,1.019
1680017578916,2023-03-28T17.32.58.916,1.030,0.008,-0.012,1.017
1680017578926,2023-03-28T17.32.58.926,1.040,0.010,-0.011,1.018
1680017578936,2023-03-28T17.32.58.936,1.050,0.011,-0.014,1.019
1680017578946,2023-03-28T17.32.58.946,1.060,0.013,-0.020,1.019
1680017578956,2023-03-28T17.32.58.956,1.070,0.012,-0.021,1.018
1680017578966,2023-03-28T17.32.58.966,1.080,0.013,-0.020,1.017
1680017578976,2023-03-28T17.32.58.976,1.090,0.011,-0.016,1.020
1680017578986,2023-03-28T17.32.58.986,1.100,0.009,-0.013,1.018
1680017578996,2023-03-28T17.32.58.996,1.110,0.009,-0.010,1.016
1680017579006,2023-03-28T17.32.59.006,1.120,0.010,-0.013,1.018
1680017579016,2023-03-28T17.32.59.016,1.130,0.012,-0.018,1.016
1680017579026,2023-03-28T17.32.59.026,1.140,0.013,-0.019,1.017
1680017579036,2023-03-28T17.32.59.036,1.150,0.013,-0.021,1.017
1680017579046,2023-03-28T17.32.59.046,1.160,0.011,-0.019,1.019
1680017579056,2023-03-28T17.32.59.056,1.170,0.009,-0.014,1.017
1680017579066,2023-03-28T17.32.59.066,1.180,0.009,-0.011,1.017
1680017579076,2023-03-28T17.32.59.076,1.190,0.010,-0.011,1.017
1680017579086,2023-03-28T17.32.59.086,1.200,0.009,-0.013,1.017
1680017579096,2023-03-28T17.32.59.096,1.210,0.011,-0.016,1.019
1680017579106,2023-03-28T17.32.59.106,1.220,0.013,-0.019,1.016
1680017579116,2023-03-28T17.32.59.116,1.230,0.012,-0.019,1.017
1680017579126,2023-03-28T17.32.59.126,1.240,0.011,-0.017,1.018
1680017579136,2023-03-28T17.32.59.136,1.250,0.009,-0.015,1.018
1680017579146,2023-03-28T17.32.59.146,1.260,0.008,-0.012,1.018
1680017579156,2023-03-28T17.32.59.156,1.270,0.009,-0.013,1.017
1680017579166,2023-03-28T17.32.59.166,1.280,0.010,-0.016,1.017
1680017579176,2023-03-28T17.32.59.176,1.290,0.011,-0.019,1.018
1680017579186,2023-03-28T17.32.59.186,1.300,0.012,-0.022,1.018
1680017579196,2023-03-28T17.32.59.196,1.310,0.011,-0.018,1.018
1680017579206,2023-03-28T17.32.59.206,1.320,0.012,-0.015,1.019
1680017579216,2023-03-28T17.32.59.216,1.330,0.009,-0.013,1.018
1680017579226,2023-03-28T17.32.59.226,1.340,0.010,-0.012,1.019
1680017579236,2023-03-28T17.32.59.236,1.350,0.010,-0.013,1.018
1680017579246,2023-03-28T17.32.59.246,1.360,0.012,-0.015,1.018
1680017579256,2023-03-28T17.32.59.256,1.370,0.012,-0.018,1.018
1680017579266,2023-03-28T17.32.59.266,1.380,0.012,-0.021,1.018
1680017579276,2023-03-28T17.32.59.276,1.390,0.011,-0.017,1.017
1680017579286,2023-03-28T17.32.59.286,1.400,0.010,-0.014,1.019
1680017579296,2023-03-28T17.32.59.296,1.410,0.011,-0.013,1.018
1680017579306,2023-03-28T17.32.59.306,1.420,0.008,-0.012,1.019
1680017579316,2023-03-28T17.32.59.316,1.430,0.010,-0.015,1.016
1680017579326,2023-03-28T17.32.59.326,1.440,0.012,-0.017,1.019
1680017579336,2023-03-28T17.32.59.336,1.450,0.013,-0.019,1.018
1680017579346,2023-03-28T17.32.59.346,1.460,0.012,-0.020,1.018
1680017579356,2023-03-28T17.32.59.356,1.470,0.010,-0.018,1.017
1680017579366,2023-03-28T17.32.59.366,1.480,0.009,-0.013,1.018
1680017579376,2023-03-28T17.32.59.376,1.490,0.008,-0.011,1.017
1680017579386,2023-03-28T17.32.59.386,1.500,0.009,-0.013,1.018
1680017579396,2023-03-28T17.32.59.396,1.510,0.010,-0.015,1.019
1680017579406,2023-03-28T17.32.59.406,1.520,0.011,-0.021,1.016
1680017579416,2023-03-28T17.32.59.416,1.530,0.012,-0.020,1.016
1680017579426,2023-03-28T17.32.59.426,1.540,0.012,-0.018,1.019
1680017579436,2023-03-28T17.32.59.436,1.550,0.012,-0.014,1.018
1680017579446,2023-03-28T17.32.59.446,1.560,0.008,-0.013,1.019
1680017579456,2023-03-28T17.32.59.456,1.570,0.009,-0.014,1.018
1680017579466,2023-03-28T17.32.59.466,1.580,0.010,-0.014,1.017
1680017579476,2023-03-28T17.32.59.476,1.590,0.010,-0.017,1.018
1680017579486,2023-03-28T17.32.59.486,1.600,0.011,-0.018,1.017
1680017579496,2023-03-28T17.32.59.496,1.610,0.013,-0.018,1.015
1680017579506,2023-03-28T17.32.59.506,1.620,0.012,-0.017,1.017
1680017579516,2023-03-28T17.32.59.516,1.630,0.009,-0.015,1.018
1680017579526,2023-03-28T17.32.59.526,1.640,0.009,-0.012,1.018
1680017579536,2023-03-28T17.32.59.536,1.650,0.010,-0.015,1.018
1680017579546,2023-03-28T17.32.59.546,1.660,0.011,-0.016,1.016
1680017579556,2023-03-28T17.32.59.556,1.670,0.013,-0.017,1.018
1680017579566,2023-03-28T17.32.59.566,1.680,0.011,-0.018,1.020
1680017579576,2023-03-28T17.32.59.576,1.690,0.012,-0.019,1.015
1680017579586,2023-03-28T17.32.59.586,1.700,0.010,-0.016,1.017
1680017579596,2023-03-28T17.32.59.596,1.710,0.010,-0.015,1.017
1680017579606,2023-03-28T17.32.59.606,1.720,0.010,-0.012,1.018
1680017579616,2023-03-28T17.32.59.616,1.730,0.010,-0.015,1.018
1680017579626,2023-03-28T17.32.59.626,1.740,0.011,-0.017,1.019
1680017579636,2023-03-28T17.32.59.636,1.750,0.012,-0.017,1.020
1680017579646,2023-03-28T17.32.59.646,1.760,0.012,-0.018,1.019
1680017579656,2023-03-28T17.32.59.656,1.770,0.010,-0.020,1.017
1680017579666,2023-03-28T17.32.59.666,1.780,0.010,-0.015,1.017
1680017579676,2023-03-28T17.32.59.676,1.790,0.010,-0.013,1.020
1680017579686,2023-03-28T17.32.59.686,1.800,0.012,-0.012,1.017
1680017579696,2023-03-28T17.32.59.696,1.810,0.010,-0.015,1.017
1680017579706,2023-03-28T17.32.59.706,1.820,0.011,-0.016,1.020
1680017579716,2023-03-28T17.32.59.716,1.830,0.010,-0.019,1.019
1680017579726,2023-03-28T17.32.59.726,1.840,0.012,-0.018,1.017
1680017579736,2023-03-28T17.32.59.736,1.850,0.013,-0.015,1.017
1680017579746,2023-03-28T17.32.59.746,1.860,0.011,-0.014,1.019
1680017579756,2023-03-28T17.32.59.756,1.870,0.010,-0.013,1.020
1680017579766,2023-03-28T17.32.59.766,1.880,0.009,-0.014,1.019
1680017579776,2023-03-28T17.32.59.776,1.890,0.011,-0.013,1.018
1680017579786,2023-03-28T17.32.59.786,1.900,0.011,-0.017,1.020
1680017579796,2023-03-28T17.32.59.796,1.910,0.012,-0.017,1.018
1680017579806,2023-03-28T17.32.59.806,1.920,0.010,-0.019,1.019
1680017579816,2023-03-28T17.32.59.816,1.930,0.011,-0.017,1.018
1680017579826,2023-03-28T17.32.59.826,1.940,0.010,-0.012,1.019
1680017579836,2023-03-28T17.32.59.836,1.950,0.010,-0.012,1.017
1680017579846,2023-03-28T17.32.59.846,1.960,0.011,-0.016,1.018
1680017579856,2023-03-28T17.32.59.856,1.970,0.011,-0.017,1.017
1680017579866,2023-03-28T17.32.59.866,1.980,0.012,-0.018,1.018
1680017579876,2023-03-28T17.32.59.876,1.990,0.012,-0.018,1.018
1680017579886,2023-03-28T17.32.59.886,2.000,0.012,-0.017,1.018
1680017579896,2023-03-28T17.32.59.896,2.010,0.011,-0.014,1.017
1680017579906,2023-03-28T17.32.59.906,2.020,0.011,-0.016,1.017
1680017579916,2023-03-28T17.32.59.916,2.030,0.011,-0.017,1.017
1680017579926,2023-03-28T17.32.59.926,2.040,0.011,-0.017,1.018
1680017579936,2023-03-28T17.32.59.936,2.050,0.010,-0.017,1.018
1680017579946,2023-03-28T17.32.59.946,2.060,0.011,-0.016,1.019
1680017579956,2023-03-28T17.32.59.956,2.070,0.011,-0.015,1.019
1680017579966,2023-03-28T17.32.59.966,2.080,0.010,-0.016,1.017
1680017579976,2023-03-28T17.32.59.976,2.090,0.011,-0.014,1.018
1680017579986,2023-03-28T17.32.59.986,2.100,0.010,-0.014,1.017
1680017579996,2023-03-28T17.32.59.996,2.110,0.010,-0.014,1.017
1680017580006,2023-03-28T17.33.00.006,2.120,0.012,-0.017,1.017
1680017580016,2023-03-28T17.33.00.016,2.130,0.010,-0.018,1.017
1680017580026,2023-03-28T17.33.00.026,2.140,0.012,-0.016,1.017
1680017580036,2023-03-28T17.33.00.036,2.150,0.010,-0.017,1.018
1680017580046,2023-03-28T17.33.00.046,2.160,0.009,-0.015,1.019
1680017580056,2023-03-28T17.33.00.056,2.170,0.009,-0.015,1.019
1680017580066,2023-03-28T17.33.00.066,2.180,0.009,-0.015,1.017
1680017580076,2023-03-28T17.33.00.076,2.190,0.010,-0.015,1.019
1680017580086,2023-03-28T17.33.00.086,2.200,0.011,-0.018,1.017
1680017580096,2023-03-28T17.33.00.096,2.210,0.013,-0.017,1.018
1680017580106,2023-03-28T17.33.00.106,2.220,0.012,-0.014,1.021
1680017580116,2023-03-28T17.33.00.116,2.230,0.011,-0.018,1.019
1680017580126,2023-03-28T17.33.00.126,2.240,0.010,-0.017,1.019
1680017580136,2023-03-28T17.33.00.136,2.250,0.010,-0.013,1.018
1680017580146,2023-03-28T17.33.00.146,2.260,0.008,-0.013,1.019
1680017580156,2023-03-28T17.33.00.156,2.270,0.009,-0.016,1.018
1680017580166,2023-03-28T17.33.00.166,2.280,0.012,-0.015,1.018
1680017580176,2023-03-28T17.33.00.176,2.290,0.013,-0.016,1.020
1680017580186,2023-03-28T17.33.00.186,2.300,0.011,-0.019,1.019
1680017580196,2023-03-28T17.33.00.196,2.310,0.011,-0.017,1.018
1680017580206,2023-03-28T17.33.00.206,2.320,0.010,-0.013,1.017
1680017580216,2023-03-28T17.33.00.216,2.330,0.011,-0.014,1.019
1680017580226,2023-03-28T17.33.00.226,2.340,0.011,-0.014,1.019
1680017580236,2023-03-28T17.33.00.236,2.350,0.011,-0.017,1.019
1680017580246,2023-03-28T17.33.00.246,2.360,0.013,-0.018,1.017
1680017580256,2023-03-28T17.33.00.256,2.370,0.013,-0.018,1.018
1680017580266,2023-03-28T17.33.00.266,2.380,0.012,-0.016,1.018
1680017580276,2023-03-28T17.33.00.276,2.390,0.010,-0.016,1.018
1680017580286,2023-03-28T17.33.00.286,2.400,0.009,-0.014,1.018
1680017580296,2023-03-28T17.33.00.296,2.410,0.012,-0.014,1.018
1680017580306,2023-03-28T17.33.00.306,2.420,0.010,-0.013,1.018
1680017580316,2023-03-28T17.33.00.316,2.430,0.012,-0.017,1.016
1680017580326,2023-03-28T17.33.00.326,2.440,0.011,-0.019,1.018
1680017580336,2023-03-28T17.33.00.336,2.450,0.012,-0.019,1.018
1680017580346,2023-03-28T17.33.00.346,2.460,0.011,-0.016,1.019
1680017580356,2023-03-28T17.33.00.356,2.470,0.009,-0.014,1.018
1680017580366,2023-03-28T17.33.00.366,2.480,0.011,-0.016,1.015
1680017580376,2023-03-28T17.33.00.376,2.490,0.010,-0.014,1.016
1680017580386,2023-03-28T17.33.00.386,2.500,0.011,-0.017,1.020
1680017580396,2023-03-28T17.33.00.396,2.510,0.012,-0.016,1.018
1680017580406,2023-03-28T17.33.00.406,2.520,0.012,-0.016,1.017
1680017580416,2023-03-28T17.33.00.416,2.530,0.011,-0.016,1.020
1680017580426,2023-03-28T17.33.00.426,2.540,0.011,-0.016,1.016
1680017580436,2023-03-28T17.33.00.436,2.550,0.010,-0.014,1.019
1680017580446,2023-03-28T17.33.00.446,2.560,0.009,-0.014,1.019
1680017580456,2023-03-28T17.33.00.456,2.570,0.013,-0.016,1.017
1680017580466,2023-03-28T17.33.00.466,2.580,0.009,-0.014,1.016
1680017580476,2023-03-28T17.33.00.476,2.590,0.009,-0.018,1.019
1680017580486,2023-03-28T17.33.00.486,2.600,0.011,-0.016,1.018
1680017580496,2023-03-28T17.33.00.496,2.610,0.011,-0.015,1.016
1680017580506,2023-03-28T17.33.00.506,2.620,0.010,-0.014,1.017
1680017580516,2023-03-28T17.33.00.516,2.630,0.009,-0.014,1.018
1680017580526,2023-03-28T17.33.00.526,2.640,0.010,-0.014,1.017
1680017580536,2023-03-28T17.33.00.536,2.650,0.012,-0.016,1.020
1680017580546,2023-03-28T17.33.00.546,2.660,0.011,-0.016,1.017
1680017580556,2023-03-28T17.33.00.556,2.670,0.011,-0.018,1.018
1680017580566,2023-03-28T17.33.00.566,2.680,0.012,-0.016,1.019
1680017580576,2023-03-28T17.33.00.576,2.690,0.010,-0.016,1.018
1680017580586,2023-03-28T17.33.00.586,2.700,0.009,-0.015,1.017
1680017580596,2023-03-28T17.33.00.596,2.710,0.009,-0.014,1.017
1680017580606,2023-03-28T17.33.00.606,2.720,0.011,-0.015,1.018
1680017580616,2023-03-28T17.33.00.616,2.730,0.012,-0.016,1.019
1680017580626,2023-03-28T17.33.00.626,2.740,0.011,-0.016,1.019
1680017580636,2023-03-28T17.33.00.636,2.750,0.012,-0.016,1.018
1680017580646,2023-03-28T17.33.00.646,2.760,0.012,-0.016,1.016
1680017580656,2023-03-28T17.33.00.656,2.770,0.012,-0.017,1.018
1680017580666,2023-03-28T17.33.00.666,2.780,0.009,-0.016,1.018
1680017580676,2023-03-28T17.33.00.676,2.790,0.008,-0.015,1.017
1680017580686,2023-03-28T17.33.00.686,2.800,0.012,-0.017,1.018
1680017580696,2023-03-28T17.33.00.696,2.810,0.012,-0.017,1.016
1680017580706,2023-03-28T17.33.00.706,2.820,0.011,-0.015,1.016
1680017580716,2023-03-28T17.33.00.716,2.830,0.012,-0.016,1.017
1680017580726,2023-03-28T17.33.00.726,2.840,0.011,-0.015,1.019
1680017580736,2023-03-28T17.33.00.736,2.850,0.010,-0.016,1.019
1680017580746,2023-03-28T17.33.00.746,2.860,0.011,-0.015,1.018
1680017580756,2023-03-28T17.33.00.756,2.870,0.011,-0.014,1.018
1680017580766,2023-03-28T17.33.00.766,2.880,0.011,-0.016,1.021
1680017580776,2023-03-28T17.33.00.776,2.890,0.011,-0.016,1.020
1680017580786,2023-03-28T17.33.00.786,2.900,0.011,-0.017,1.019
1680017580796,2023-03-28T17.33.00.796,2.910,0.011,-0.015,1.018
1680017580806,2023-03-28T17.33.00.806,2.920,0.011,-0.014,1.019
1680017580816,2023-03-28T17.33.00.816,2.930,0.010,-0.016,1.019
1680017580826,2023-03-28T17.33.00.826,2.940,0.010,-0.013,1.018
1680017580836,2023-03-28T17.33.00.836,2.950,0.009,-0.018,1.018
1680017580846,2023-03-28T17.33.00.846,2.960,0.012,-0.019,1.017
1680017580856,2023-03-28T17.33.00.856,2.970,0.012,-0.017,1.019
1680017580866,2023-03-28T17.33.00.866,2.980,0.011,-0.016,1.020
1680017580876,2023-03-28T17.33.00.876,2.990,0.011,-0.017,1.018
1680017580886,2023-03-28T17.33.00.886,3.000,0.010,-0.016,1.019
1680017580896,2023-03-28T17.33.00.896,3.010,0.011,-0.016,1.019
1680017580906,2023-03-28T17.33.00.906,3.020,0.012,-0.016,1.017
1680017580916,2023-03-28T17.33.00.916,3.030,0.011,-0.017,1.018
1680017580926,2023-03-28T17.33.00.926,3.040,0.013,-0.017,1.018
1680017580936,2023-03-28T17.33.00.936,3.050,0.012,-0.018,1.015
1680017580946,2023-03-28T17.33.00.946,3.060,0.011,-0.016,1.018
1680017580956,2023-03-28T17.33.00.956,3.070,0.011,-0.016,1.018
1680017580966,2023-03-28T17.33.00.966,3.080,0.010,-0.016,1.018
1680017580976,2023-03-28T17.33.00.976,3.090,0.011,-0.016,1.018
1680017580986,2023-03-28T17.33.00.986,3.100,0.012,-0.016,1.017
1680017580996,2023-03-28T17.33.00.996,3.110,0.011,-0.016,1.018
1680017581006,2023-03-28T17.33.01.006,3.120,0.011,-0.018,1.018
1680017581016,2023-03-28T17.33.01.016,3.130,0.010,-0.017,1.018
1680017581026,2023-03-28T17.33.01.026,3.140,0.010,-0.017,1.018
1680017581036,2023-03-28T17.33.01.036,3.150,0.011,-0.016,1.018
1680017581046,2023-03-28T17.33.01.046,3.160,0.011,-0.015,1.019
1680017581056,2023-03-28T17.33.01.056,3.170,0.011,-0.014,1.016
1680017581066,2023-03-28T17.33.01.066,3.180,0.012,-0.015,1.019
1680017581076,2023-03-28T17.33.01.076,3.190,0.011,-0.016,1.018
1680017581086,2023-03-28T17.33.01.086,3.200,0.010,-0.014,1.019
1680017581096,2023-03-28T17.33.01.096,3.210,0.011,-0.015,1.019
1680017581106,2023-03-28T17.33.01.106,3.220,0.010,-0.016,1.015
1680017581116,2023-03-28T17.33.01.116,3.230,0.011,-0.015,1.019
1680017581126,2023-03-28T17.33.01.126,3.240,0.011,-0.016,1.018
1680017581136,2023-03-28T17.33.01.136,3.250,0.011,-0.017,1.016
1680017581146,2023-03-28T17.33.01.146,3.260,0.010,-0.017,1.016
1680017581156,2023-03-28T17.33.01.156,3.270,0.010,-0.017,1.016
1680017581166,2023-03-28T17.33.01.166,3.280,0.011,-0.017,1.016
1680017581176,2023-03-28T17.33.01.176,3.290,0.012,-0.016,1.017
1680017581186,2023-03-28T17.33.01.186,3.300,0.011,-0.015,1.017
1680017581196,2023-03-28T17.33.01.196,3.310,0.010,-0.015,1.017
1680017581206,2023-03-28T17.33.01.206,3.320,0.010,-0.016,1.017
1680017581216,2023-03-28T17.33.01.216,3.330,0.010,-0.015,1.017
1680017581226,2023-03-28T17.33.01.226,3.340,0.012,-0.016,1.018
1680017581236,2023-03-28T17.33.01.236,3.350,0.011,-0.017,1.016
1680017581246,2023-03-28T17.33.01.246,3.360,0.011,-0.017,1.016
1680017581256,2023-03-28T17.33.01.256,3.370,0.010,-0.016,1.018
1680017581266,2023-03-28T17.33.01.266,3.380,0.009,-0.015,1.018
1680017581276,2023-03-28T17.33.01.276,3.390,0.010,-0.016,1.017
1680017581286,2023-03-28T17.33.01.286,3.400,0.010,-0.016,1.017
1680017581296,2023-03-28T17.33.01.296,3.410,0.011,-0.016,1.016
1680017581306,2023-03-28T17.33.01.306,3.420,0.011,-0.017,1.018
1680017581316,2023-03-28T17.33.01.316,3.430,0.011,-0.018,1.018
1680017581326,2023-03-28T17.33.01.326,3.440,0.011,-0.017,1.017
1680017581336,2023-03-28T17.33.01.336,3.450,0.010,-0.016,1.020
1680017581346,2023-03-28T17.33.01.346,3.460,0.010,-0.015,1.018
1680017581356,2023-03-28T17.33.01.356,3.470,0.010,-0.014,1.016
1680017581366,2023-03-28T17.33.01.366,3.480,0.011,-0.015,1.017
1680017581376,2023-03-28T17.33.01.376,3.490,0.011,-0.018,1.018
1680017581386,2023-03-28T17.33.01.386,3.500,0.012,-0.017,1.018
1680017581396,2023-03-28T17.33.01.396,3.510,0.010,-0.016,1.017
1680017581406,2023-03-28T17.33.01.406,3.520,0.011,-0.017,1.018
1680017581416,2023-03-28T17.33.01.416,3.530,0.010,-0.015,1.018
1680017581426,2023-03-28T17.33.01.426,3.540,0.012,-0.015,1.018
1680017581436,2023-03-28T17.33.01.436,3.550,0.009,-0.016,1.018
1680017581446,2023-03-28T17.33.01.446,3.560,0.011,-0.015,1.018
1680017581456,2023-03-28T17.33.01.456,3.570,0.011,-0.016,1.019
1680017581466,2023-03-28T17.33.01.466,3.580,0.011,-0.015,1.016
1680017581476,2023-03-28T17.33.01.476,3.590,0.012,-0.015,1.016
1680017581486,2023-03-28T17.33.01.486,3.600,0.010,-0.017,1.017
1680017581496,2023-03-28T17.33.01.496,3.610,0.010,-0.016,1.020
1680017581506,2023-03-28T17.33.01.506,3.620,0.012,-0.014,1.019
1680017581516,2023-03-28T17.33.01.516,3.630,0.011,-0.015,1.017
1680017581526,2023-03-28T17.33.01.526,3.640,0.011,-0.016,1.016
1680017581536,2023-03-28T17.33.01.536,3.650,0.011,-0.017,1.017
1680017581546,2023-03-28T17.33.01.546,3.660,0.010,-0.016,1.017
1680017581556,2023-03-28T17.33.01.556,3.670,0.010,-0.015,1.018
1680017581566,2023-03-28T17.33.01.566,3.680,0.011,-0.016,1.017
1680017581576,2023-03-28T17.33.01.576,3.690,0.010,-0.015,1.019
1680017581586,2023-03-28T17.33.01.586,3.700,0.010,-0.013,1.017
1680017581596,2023-03-28T17.33.01.596,3.710,0.010,-0.015,1.020
1680017581606,2023-03-28T17.33.01.606,3.720,0.010,-0.015,1.020
1680017581616,2023-03-28T17.33.01.616,3.730,0.011,-0.016,1.020
1680017581626,2023-03-28T17.33.01.626,3.740,0.010,-0.017,1.018
1680017581636,2023-03-28T17.33.01.636,3.750,0.012,-0.015,1.019
1680017581646,2023-03-28T17.33.01.646,3.760,0.011,-0.016,1.019
1680017581656,2023-03-28T17.33.01.656,3.770,0.011,-0.015,1.018
1680017581666,2023-03-28T17.33.01.666,3.780,0.009,-0.014,1.018
1680017581676,2023-03-28T17.33.01.676,3.790,0.011,-0.016,1.015
1680017581686,2023-03-28T17.33.01.686,3.800,0.012,-0.018,1.019
1680017581696,2023-03-28T17.33.01.696,3.810,0.012,-0.017,1.017
1680017581706,2023-03-28T17.33.01.706,3.820,0.012,-0.016,1.018
1680017581716,2023-03-28T17.33.01.716,3.830,0.011,-0.013,1.018
1680017581726,2023-03-28T17.33.01.726,3.840,0.011,-0.015,1.018
1680017581736,2023-03-28T17.33.01.736,3.850,0.012,-0.015,1.018
1680017581746,2023-03-28T17.33.01.746,3.860,0.011,-0.015,1.017
1680017581756,2023-03-28T17.33.01.756,3.870,0.011,-0.014,1.017
1680017581766,2023-03-28T17.33.01.766,3.880,0.011,-0.016,1.019
1680017581776,2023-03-28T17.33.01.776,3.890,0.010,-0.016,1.019
1680017581786,2023-03-28T17.33.01.786,3.900,0.011,-0.017,1.018
1680017581796,2023-03-28T17.33.01.796,3.910,0.011,-0.016,1.018
1680017581806,2023-03-28T17.33.01.806,3.920,0.010,-0.015,1.018
1680017581816,2023-03-28T17.33.01.816,3.930,0.011,-0.017,1.017
1680017581826,2023-03-28T17.33.01.826,3.940,0.012,-0.018,1.020
1680017581836,2023-03-28T17.33.01.836,3.950,0.011,-0.016,1.019
1680017581846,2023-03-28T17.33.01.846,3.960,0.010,-0.016,1.018
1680017581856,2023-03-28T17.33.01.856,3.970,0.010,-0.017,1.018
1680017581866,2023-03-28T17.33.01.866,3.980,0.011,-0.016,1.018
1680017581876,2023-03-28T17.33.01.876,3.990,0.009,-0.015,1.018
1680017581886,2023-03-28T17.33.01.886,4.000,0.011,-0.016,1.018
1680017581896,2023-03-28T17.33.01.896,4.010,0.012,-0.014,1.018
1680017581906,2023-03-28T17.33.01.906,4.020,0.011,-0.015,1.018
1680017581916,2023-03-28T17.33.01.916,4.030,0.011,-0.016,1.017
1680017581926,2023-03-28T17.33.01.926,4.040,0.012,-0.017,1.018
1680017581936,2023-03-28T17.33.01.936,4.050,0.010,-0.015,1.019
1680017581946,2023-03-28T17.33.01.946,4.060,0.010,-0.015,1.018
1680017581956,2023-03-28T17.33.01.956,4.070,0.011,-0.017,1.018
1680017581966,2023-03-28T17.33.01.966,4.080,0.012,-0.016,1.020
1680017581976,2023-03-28T17.33.01.976,4.090,0.011,-0.016,1.017
1680017581986,2023-03-28T17.33.01.986,4.100,0.011,-0.017,1.016
1680017581996,2023-03-28T17.33.01.996,4.110,0.011,-0.016,1.016
1680017582006,2023-03-28T17.33.02.006,4.120,0.010,-0.016,1.020
1680017582016,2023-03-28T17.33.02.016,4.130,0.011,-0.017,1.019
1680017582026,2023-03-28T17.33.02.026,4.140,0.012,-0.015,1.018
1680017582036,2023-03-28T17.33.02.036,4.150,0.011,-0.016,1.017
1680017582046,2023-03-28T17.33.02.046,4.160,0.010,-0.017,1.017
1680017582056,2023-03-28T17.33.02.056,4.170,0.012,-0.015,1.019
1680017582066,2023-03-28T17.33.02.066,4.180,0.012,-0.016,1.019
1680017582076,2023-03-28T17.33.02.076,4.190,0.011,-0.016,1.019
1680017582086,2023-03-28T17.33.02.086,4.200,0.010,-0.017,1.017
1680017582096,2023-03-28T17.33.02.096,4.210,0.010,-0.016,1.018
1680017582106,2023-03-28T17.33.02.106,4.220,0.010,-0.016,1.019
1680017582116,2023-03-28T17.33.02.116,4.230,0.010,-0.014,1.018
1680017582126,2023-03-28T17.33.02.126,4.240,0.011,-0.015,1.018
1680017582136,2023-03-28T17.33.02.136,4.250,0.012,-0.015,1.017
1680017582146,2023-03-28T17.33.02.146,4.260,0.011,-0.016,1.019
1680017582156,2023-03-28T17.33.02.156,4.270,0.010,-0.016,1.020
1680017582166,2023-03-28T17.33.02.166,4.280,0.011,-0.017,1.018
1680017582176,2023-03-28T17.33.02.176,4.290,0.013,-0.016,1.020
1680017582186,2023-03-28T17.33.02.186,4.300,0.012,-0.016,1.021
1680017582196,2023-03-28T17.33.02.196,4.310,0.010,-0.015,1.019
1680017582206,2023-03-28T17.33.02.206,4.320,0.011,-0.016,1.017
1680017582216,2023-03-28T17.33.02.216,4.330,0.011,-0.016,1.018
1680017582226,2023-03-28T17.33.02.226,4.340,0.011,-0.015,1.018
1680017582236,2023-03-28T17.33.02.236,4.350,0.011,-0.016,1.017
1680017582246,2023-03-28T17.33.02.246,4.360,0.011,-0.017,1.018
1680017582256,2023-03-28T17.33.02.256,4.370,0.011,-0.015,1.017
1680017582266,2023-03-28T17.33.02.266,4.380,0.009,-0.014,1.017
1680017582276,2023-03-28T17.33.02.276,4.390,0.011,-0.015,1.020
1680017582286,2023-03-28T17.33.02.286,4.400,0.010,-0.016,1.018
1680017582296,2023-03-28T17.33.02.296,4.410,0.011,-0.017,1.019
1680017582306,2023-03-28T17.33.02.306,4.420,0.011,-0.017,1.019
1680017582316,2023-03-28T17.33.02.316,4.430,0.010,-0.016,1.018
1680017582326,2023-03-28T17.33.02.326,4.440,0.010,-0.016,1.019
1680017582336,2023-03-28T17.33.02.336,4.450,0.011,-0.016,1.018
1680017582346,2023-03-28T17.33.02.346,4.460,0.011,-0.015,1.018
1680017582356,2023-03-28T17.33.02.356,4.470,0.012,-0.017,1.017
1680017582366,2023-03-28T17.33.02.366,4.480,0.010,-0.016,1.017
1680017582376,2023-03-28T17.33.02.376,4.490,0.011,-0.016,1.018
1680017582386,2023-03-28T17.33.02.386,4.500,0.012,-0.017,1.017
1680017582396,2023-03-28T17.33.02.396,4.510,0.010,-0.015,1.018
1680017582406,2023-03-28T17.33.02.406,4.520,0.011,-0.016,1.018
1680017582416,2023-03-28T17.33.02.416,4.530,0.010,-0.014,1.018
1680017582426,2023-03-28T17.33.02.426,4.540,0.012,-0.016,1.019
1680017582436,2023-03-28T17.33.02.436,4.550,0.012,-0.014,1.019
1680017582446,2023-03-28T17.33.02.446,4.560,0.011,-0.016,1.021
1680017582456,2023-03-28T17.33.02.456,4.570,0.011,-0.018,1.019
1680017582466,2023-03-28T17.33.02.466,4.580,0.010,-0.015,1.018
1680017582476,2023-03-28T17.33.02.476,4.590,0.010,-0.015,1.018
1680017582486,2023-03-28T17.33.02.486,4.600,0.010,-0.016,1.019
1680017582496,2023-03-28T17.33.02.496,4.610,0.011,-0.015,1.017
1680017582506,2023-03-28T17.33.02.506,4.620,0.010,-0.015,1.018
1680017582516,2023-03-28T17.33.02.516,4.630,0.011,-0.018,1.018
1680017582526,2023-03-28T17.33.02.526,4.640,0.012,-0.016,1.019
1680017582536,2023-03-28T17.33.02.536,4.650,0.012,-0.014,1.017
1680017582546,2023-03-28T17.33.02.546,4.660,0.012,-0.015,1.019
1680017582556,2023-03-28T17.33.02.556,4.670,0.011,-0.017,1.018
1680017582566,2023-03-28T17.33.02.566,4.680,0.010,-0.014,1.019
1680017582576,2023-03-28T17.33.02.576,4.690,0.009,-0.016,1.020
1680017582586,2023-03-28T17.33.02.586,4.700,0.011,-0.016,1.019
1680017582596,2023-03-28T17.33.02.596,4.710,0.012,-0.015,1.017
1680017582606,2023-03-28T17.33.02.606,4.720,0.010,-0.016,1.017
1680017582616,2023-03-28T17.33.02.616,4.730,0.010,-0.015,1.016
1680017582626,2023-03-28T17.33.02.626,4.740,0.010,-0.015,1.017
1680017582636,2023-03-28T17.33.02.636,4.750,0.013,-0.017,1.019
1680017582646,2023-03-28T17.33.02.646,4.760,0.010,-0.015,1.019
1680017582656,2023-03-28T17.33.02.656,4.770,0.010,-0.017,1.019
1680017582666,2023-03-28T17.33.02.666,4.780,0.012,-0.016,1.018
1680017582676,2023-03-28T17.33.02.676,4.790,0.010,-0.017,1.018
1680017582686,2023-03-28T17.33.02.686,4.800,0.010,-0.016,1.018
1680017582696,2023-03-28T17.33.02.696,4.810,0.011,-0.016,1.019
1680017582706,2023-03-28T17.33.02.706,4.820,0.010,-0.015,1.018
1680017582716,2023-03-28T17.33.02.716,4.830,0.010,-0.014,1.018
1680017582726,2023-03-28T17.33.02.726,4.840,0.010,-0.016,1.018
1680017582736,2023-03-28T17.33.02.736,4.850,0.010,-0.016,1.020
1680017582746,2023-03-28T17.33.02.746,4.860,0.011,-0.015,1.019
1680017582756,2023-03-28T17.33.02.756,4.870,0.012,-0.015,1.020
1680017582766,2023-03-28T17.33.02.766,4.880,0.010,-0.016,1.019
1680017582776,2023-03-28T17.33.02.776,4.890,0.011,-0.015,1.018
1680017582786,2023-03-28T17.33.02.786,4.900,0.011,-0.016,1.019
1680017582796,2023-03-28T17.33.02.796,4.910,0.011,-0.015,1.020
1680017582806,2023-03-28T17.33.02.806,4.920,0.011,-0.015,1.019
1680017582816,2023-03-28T17.33.02.816,4.930,0.012,-0.015,1.018
1680017582826,2023-03-28T17.33.02.826,4.940,0.010,-0.016,1.019
1680017582836,2023-03-28T17.33.02.836,4.950,0.010,-0.017,1.019
1680017582846,2023-03-28T17.33.02.846,4.960,0.010,-0.015,1.018
1680017582856,2023-03-28T17.33.02.856,4.970,0.010,-0.014,1.020
1680017582866,2023-03-28T17.33.02.866,4.980,0.010,-0.016,1.019
1680017582876,2023-03-28T17.33.02.876,4.990,0.010,-0.017,1.018
1680017582886,2023-03-28T17.33.02.886,5.000,0.012,-0.017,1.021
1680017582896,2023-03-28T17.33.02.896,5.010,0.009,-0.017,1.018
1680017582906,2023-03-28T17.33.02.906,5.020,0.010,-0.017,1.018
1680017582916,2023-03-28T17.33.02.916,5.030,0.010,-0.015,1.018
1680017582926,2023-03-28T17.33.02.926,5.040,0.011,-0.015,1.018
1680017582936,2023-03-28T17.33.02.936,5.050,0.010,-0.016,1.018
1680017582946,2023-03-28T17.33.02.946,5.060,0.011,-0.014,1.019
1680017582956,2023-03-28T17.33.02.956,5.070,0.011,-0.016,1.019
1680017582966,2023-03-28T17.33.02.966,5.080,0.011,-0.017,1.017
1680017582976,2023-03-28T17.33.02.976,5.090,0.010,-0.017,1.018
1680017582986,2023-03-28T17.33.02.986,5.100,0.011,-0.015,1.020
1680017582996,2023-03-28T17.33.02.996,5.110,0.012,-0.016,1.020
1680017583006,2023-03-28T17.33.03.006,5.120,0.012,-0.016,1.019
1680017583016,2023-03-28T17.33.03.016,5.130,0.011,-0.016,1.017
1680017583026,2023-03-28T17.33.03.026,5.140,0.009,-0.015,1.019
1680017583036,2023-03-28T17.33.03.036,5.150,0.011,-0.016,1.020
1680017583046,2023-03-28T17.33.03.046,5.160,0.011,-0.017,1.018
1680017583056,2023-03-28T17.33.03.056,5.170,0.010,-0.015,1.018
1680017583066,2023-03-28T17.33.03.066,5.180,0.009,-0.015,1.018
1680017583076,2023-03-28T17.33.03.076,5.190,0.011,-0.016,1.018
1680017583086,2023-03-28T17.33.03.086,5.200,0.010,-0.015,1.019
1680017583096,2023-03-28T17.33.03.096,5.210,0.010,-0.015,1.018
1680017583106,2023-03-28T17.33.03.106,5.220,0.010,-0.015,1.018
1680017583116,2023-03-28T17.33.03.116,5.230,0.011,-0.015,1.018
1680017583126,2023-03-28T17.33.03.126,5.240,0.010,-0.017,1.017
1680017583136,2023-03-28T17.33.03.136,5.250,0.012,-0.016,1.019
1680017583146,2023-03-28T17.33.03.146,5.260,0.011,-0.015,1.017
1680017583156,2023-03-28T17.33.03.156,5.270,0.010,-0.015,1.017
1680017583166,2023-03-28T17.33.03.166,5.280,0.011,-0.015,1.017
1680017583176,2023-03-28T17.33.03.176,5.290,0.009,-0.015,1.017
1680017583186,2023-03-28T17.33.03.186,5.300,0.011,-0.016,1.020
1680017583196,2023-03-28T17.33.03.196,5.310,0.012,-0.017,1.017
1680017583206,2023-03-28T17.33.03.206,5.320,0.012,-0.016,1.018
1680017583216,2023-03-28T17.33.03.216,5.330,0.011,-0.017,1.017
1680017583226,2023-03-28T17.33.03.226,5.340,0.012,-0.016,1.017
1680017583236,2023-03-28T17.33.03.236,5.350,0.011,-0.015,1.019
1680017583246,2023-03-28T17.33.03.246,5.360,0.011,-0.014,1.018
1680017583256,2023-03-28T17.33.03.256,5.370,0.010,-0.015,1.018
1680017583266,2023-03-28T17.33.03.266,5.380,0.010,-0.016,1.019
1680017583276,2023-03-28T17.33.03.276,5.390,0.011,-0.016,1.019
1680017583286,2023-03-28T17.33.03.286,5.400,0.011,-0.016,1.019
1680017583296,2023-03-28T17.33.03.296,5.410,0.010,-0.016,1.018
1680017583306,2023-03-28T17.33.03.306,5.420,0.009,-0.016,1.018
1680017583316,2023-03-28T17.33.03.316,5.430,0.011,-0.018,1.020
1680017583326,2023-03-28T17.33.03.326,5.440,0.012,-0.017,1.018
1680017583336,2023-03-28T17.33.03.336,5.450,0.010,-0.016,1.017
1680017583346,2023-03-28T17.33.03.346,5.460,0.012,-0.016,1.018
1680017583356,2023-03-28T17.33.03.356,5.470,0.011,-0.016,1.019
1680017583366,2023-03-28T17.33.03.366,5.480,0.011,-0.016,1.019
1680017583376,2023-03-28T17.33.03.376,5.490,0.011,-0.015,1.019
1680017583386,2023-03-28T17.33.03.386,5.500,0.012,-0.016,1.018
1680017583396,2023-03-28T17.33.03.396,5.510,0.011,-0.017,1.018
1680017583406,2023-03-28T17.33.03.406,5.520,0.010,-0.014,1.018
1680017583416,2023-03-28T17.33.03.416,5.530,0.011,-0.015,1.020
1680017583426,2023-03-28T17.33.03.426,5.540,0.012,-0.018,1.018
1680017583436,2023-03-28T17.33.03.436,5.550,0.012,-0.017,1.019
1680017583446,2023-03-28T17.33.03.446,5.560,0.011,-0.013,1.018
1680017583456,2023-03-28T17.33.03.456,5.570,0.010,-0.015,1.017
1680017583466,2023-03-28T17.33.03.466,5.580,0.010,-0.016,1.019
1680017583476,2023-03-28T17.33.03.476,5.590,0.011,-0.016,1.018
1680017583486,2023-03-28T17.33.03.486,5.600,0.010,-0.016,1.020
1680017583496,2023-03-28T17.33.03.496,5.610,0.010,-0.015,1.018
1680017583506,2023-03-28T17.33.03.506,5.620,0.011,-0.015,1.017
1680017583516,2023-03-28T17.33.03.516,5.630,0.010,-0.016,1.017
1680017583526,2023-03-28T17.33.03.526,5.640,0.010,-0.016,1.017
1680017583536,2023-03-28T17.33.03.536,5.650,0.009,-0.017,1.018
1680017583546,2023-03-28T17.33.03.546,5.660,0.010,-0.016,1.018
1680017583556,2023-03-28T17.33.03.556,5.670,0.011,-0.015,1.017
1680017583566,2023-03-28T17.33.03.566,5.680,0.011,-0.017,1.020
1680017583576,2023-03-28T17.33.03.576,5.690,0.011,-0.015,1.018
1680017583586,2023-03-28T17.33.03.586,5.700,0.011,-0.015,1.016
1680017583596,2023-03-28T17.33.03.596,5.710,0.011,-0.015,1.021
1680017583606,2023-03-28T17.33.03.606,5.720,0.011,-0.015,1.017
1680017583616,2023-03-28T17.33.03.616,5.730,0.011,-0.016,1.017
1680017583626,2023-03-28T17.33.03.626,5.740,0.010,-0.013,1.020
1680017583636,2023-03-28T17.33.03.636,5.750,0.010,-0.015,1.019
1680017583646,2023-03-28T17.33.03.646,5.760,0.011,-0.015,1.020
1680017583656,2023-03-28T17.33.03.656,5.770,0.010,-0.015,1.019
1680017583666,2023-03-28T17.33.03.666,5.780,0.010,-0.016,1.017
1680017583676,2023-03-28T17.33.03.676,5.790,0.012,-0.016,1.018
1680017583686,2023-03-28T17.33.03.686,5.800,0.011,-0.016,1.017
1680017583696,2023-03-28T17.33.03.696,5.810,0.010,-0.015,1.019
1680017583706,2023-03-28T17.33.03.706,5.820,0.011,-0.014,1.018
1680017583716,2023-03-28T17.33.03.716,5.830,0.011,-0.016,1.019
1680017583726,2023-03-28T17.33.03.726,5.840,0.011,-0.015,1.019
1680017583736,2023-03-28T17.33.03.736,5.850,0.011,-0.016,1.019
1680017583746,2023-03-28T17.33.03.746,5.860,0.011,-0.016,1.020
1680017583756,2023-03-28T17.33.03.756,5.870,0.011,-0.017,1.016
1680017583766,2023-03-28T17.33.03.766,5.880,0.011,-0.015,1.019
1680017583776,2023-03-28T17.33.03.776,5.890,0.011,-0.015,1.019
1680017583786,2023-03-28T17.33.03.786,5.900,0.010,-0.015,1.019
1680017583796,2023-03-28T17.33.03.796,5.910,0.012,-0.013,1.020
1680017583806,2023-03-28T17.33.03.806,5.920,0.011,-0.016,1.018
1680017583816,2023-03-28T17.33.03.816,5.930,0.010,-0.016,1.019
1680017583826,2023-03-28T17.33.03.826,5.940,0.011,-0.016,1.017
1680017583836,2023-03-28T17.33.03.836,5.950,0.012,-0.015,1.017
1680017583846,2023-03-28T17.33.03.846,5.960,0.010,-0.016,1.018
1680017583856,2023-03-28T17.33.03.856,5.970,0.010,-0.016,1.019
1680017583866,2023-03-28T17.33.03.866,5.980,0.011,-0.015,1.017
1680017583876,2023-03-28T17.33.03.876,5.990,0.011,-0.015,1.017
1680017583886,2023-03-28T17.33.03.886,6.000,0.011,-0.016,1.017
1680017583896,2023-03-28T17.33.03.896,6.010,0.011,-0.015,1.020
1680017583906,2023-03-28T17.33.03.906,6.020,0.012,-0.014,1.021
1680017583916,2023-03-28T17.33.03.916,6.030,0.012,-0.016,1.018
1680017583926,2023-03-28T17.33.03.926,6.040,0.009,-0.015,1.018
1680017583936,2023-03-28T17.33.03.936,6.050,0.010,-0.016,1.017
1680017583946,2023-03-28T17.33.03.946,6.060,0.012,-0.016,1.016
1680017583956,2023-03-28T17.33.03.956,6.070,0.011,-0.018,1.020
1680017583966,2023-03-28T17.33.03.966,6.080,0.010,-0.015,1.020
1680017583976,2023-03-28T17.33.03.976,6.090,0.011,-0.017,1.019
1680017583986,2023-03-28T17.33.03.986,6.100,0.011,-0.014,1.016
1680017583996,2023-03-28T17.33.03.996,6.110,0.011,-0.016,1.017
1680017584006,2023-03-28T17.33.04.006,6.120,0.011,-0.015,1.017
1680017584016,2023-03-28T17.33.04.016,6.130,0.010,-0.016,1.019
1680017584026,2023-03-28T17.33.04.026,6.140,0.012,-0.017,1.017
1680017584036,2023-03-28T17.33.04.036,6.150,0.011,-0.015,1.019
1680017584046,2023-03-28T17.33.04.046,6.160,0.011,-0.015,1.016
1680017584056,2023-03-28T17.33.04.056,6.170,0.011,-0.017,1.017
1680017584066,2023-03-28T17.33.04.066,6.180,0.011,-0.018,1.017
1680017584076,2023-03-28T17.33.04.076,6.190,0.009,-0.015,1.018
1680017584086,2023-03-28T17.33.04.086,6.200,0.010,-0.016,1.016
1680017584096,2023-03-28T17.33.04.096,6.210,0.011,-0.016,1.016
1680017584106,2023-03-28T17.33.04.106,6.220,0.011,-0.018,1.017
1680017584116,2023-03-28T17.33.04.116,6.230,0.009,-0.017,1.018
1680017584126,2023-03-28T17.33.04.126,6.240,0.009,-0.016,1.019
1680017584136,2023-03-28T17.33.04.136,6.250,0.010,-0.016,1.017
1680017584146,2023-03-28T17.33.04.146,6.260,0.012,-0.017,1.018
1680017584156,2023-03-28T17.33.04.156,6.270,0.010,-0.017,1.018
1680017584166,2023-03-28T17.33.04.166,6.280,0.011,-0.017,1.016
1680017584176,2023-03-28T17.33.04.176,6.290,0.008,-0.016,1.017
1680017584186,2023-03-28T17.33.04.186,6.300,0.011,-0.016,1.017
1680017584196,2023-03-28T17.33.04.196,6.310,0.010,-0.015,1.018
1680017584206,2023-03-28T17.33.04.206,6.320,0.010,-0.016,1.016
1680017584216,2023-03-28T17.33.04.216,6.330,0.011,-0.017,1.017
1680017584226,2023-03-28T17.33.04.226,6.340,0.010,-0.015,1.020
1680017584236,2023-03-28T17.33.04.236,6.350,0.010,-0.018,1.018
1680017584246,2023-03-28T17.33.04.246,6.360,0.010,-0.016,1.017
1680017584256,2023-03-28T17.33.04.256,6.370,0.010,-0.017,1.019
1680017584266,2023-03-28T17.33.04.266,6.380,0.011,-0.017,1.017
1680017584276,2023-03-28T17.33.04.276,6.390,0.012,-0.014,1.017
1680017584286,2023-03-28T17.33.04.286,6.400,0.012,-0.015,1.018
1680017584296,2023-03-28T17.33.04.296,6.410,0.011,-0.017,1.017
1680017584306,2023-03-28T17.33.04.306,6.420,0.010,-0.017,1.018
1680017584316,2023-03-28T17.33.04.316,6.430,0.010,-0.015,1.018
1680017584326,2023-03-28T17.33.04.326,6.440,0.010,-0.015,1.018
1680017584336,2023-03-28T17.33.04.336,6.450,0.011,-0.016,1.018
1680017584346,2023-03-28T17.33.04.346,6.460,0.010,-0.014,1.018
1680017584356,2023-03-28T17.33.04.356,6.470,0.010,-0.014,1.017
1680017584366,2023-03-28T17.33.04.366,6.480,0.010,-0.015,1.018
1680017584376,2023-03-28T17.33.04.376,6.490,0.010,-0.016,1.019
1680017584386,2023-03-28T17.33.04.386,6.500,0.011,-0.016,1.018
1680017584396,2023-03-28T17.33.04.396,6.510,0.010,-0.016,1.018
1680017584406,2023-03-28T17.33.04.406,6.520,0.011,-0.017,1.019
1680017584416,2023-03-28T17.33.04.416,6.530,0.010,-0.016,1.019
1680017584426,2023-03-28T17.33.04.426,6.540,0.011,-0.015,1.018
1680017584436,2023-03-28T17.33.04.436,6.550,0.011,-0.018,1.018
1680017584446,2023-03-28T17.33.04.446,6.560,0.011,-0.016,1.018
1680017584456,2023-03-28T17.33.04.456,6.570,0.011,-0.015,1.017
1680017584466,2023-03-28T17.33.04.466,6.580,0.011,-0.017,1.018
1680017584476,2023-03-28T17.33.04.476,6.590,0.011,-0.016,1.017
1680017584486,2023-03-28T17.33.04.486,6.600,0.010,-0.016,1.018
1680017584496,2023-03-28T17.33.04.496,6.610,0.011,-0.015,1.021
1680017584506,2023-03-28T17.33.04.506,6.620,0.011,-0.015,1.019
1680017584516,2023-03-28T17.33.04.516,6.630,0.011,-0.016,1.018
1680017584526,2023-03-28T17.33.04.526,6.640,0.010,-0.016,1.018
1680017584536,2023-03-28T17.33.04.536,6.650,0.012,-0.016,1.018
1680017584546,2023-03-28T17.33.04.546,6.660,0.012,-0.017,1.019
1680017584556,2023-03-28T17.33.04.556,6.670,0.011,-0.016,1.018
1680017584566,2023-03-28T17.33.04.566,6.680,0.009,-0.018,1.020
1680017584576,2023-03-28T17.33.04.576,6.690,0.010,-0.017,1.020
1680017584586,2023-03-28T17.33.04.586,6.700,0.012,-0.016,1.017
1680017584596,2023-03-28T17.33.04.596,6.710,0.011,-0.016,1.016
1680017584606,2023-03-28T17.33.04.606,6.720,0.011,-0.017,1.016
1680017584616,2023-03-28T17.33.04.616,6.730,0.011,-0.015,1.019
1680017584626,2023-03-28T17.33.04.626,6.740,0.010,-0.013,1.020
1680017584636,2023-03-28T17.33.04.636,6.750,0.011,-0.015,1.017
1680017584646,2023-03-28T17.33.04.646,6.760,0.011,-0.015,1.016
1680017584656,2023-03-28T17.33.04.656,6.770,0.011,-0.016,1.019
1680017584666,2023-03-28T17.33.04.666,6.780,0.011,-0.017,1.018
1680017584676,2023-03-28T17.33.04.676,6.790,0.011,-0.015,1.018
1680017584686,2023-03-28T17.33.04.686,6.800,0.011,-0.016,1.018
1680017584696,2023-03-28T17.33.04.696,6.810,0.011,-0.017,1.017
1680017584706,2023-03-28T17.33.04.706,6.820,0.010,-0.016,1.016
1680017584716,2023-03-28T17.33.04.716,6.830,0.010,-0.014,1.017
1680017584726,2023-03-28T17.33.04.726,6.840,0.010,-0.014,1.019
1680017584736,2023-03-28T17.33.04.736,6.850,0.012,-0.016,1.019
1680017584746,2023-03-28T17.33.04.746,6.860,0.011,-0.015,1.017
1680017584756,2023-03-28T17.33.04.756,6.870,0.011,-0.015,1.018
1680017584766,2023-03-28T17.33.04.766,6.880,0.012,-0.016,1.019
1680017584776,2023-03-28T17.33.04.776,6.890,0.012,-0.016,1.017
1680017584786,2023-03-28T17.33.04.786,6.900,0.011,-0.016,1.016
1680017584796,2023-03-28T17.33.04.796,6.910,0.011,-0.015,1.017
1680017584806,2023-03-28T17.33.04.806,6.920,0.013,-0.015,1.019
1680017584816,2023-03-28T17.33.04.816,6.930,0.011,-0.016,1.019
1680017584826,2023-03-28T17.33.04.826,6.940,0.010,-0.016,1.019
1680017584836,2023-03-28T17.33.04.836,6.950,0.012,-0.015,1.020
1680017584846,2023-03-28T17.33.04.846,6.960,0.011,-0.015,1.019
1680017584856,2023-03-28T17.33.04.856,6.970,0.010,-0.016,1.019
1680017584866,2023-03-28T17.33.04.866,6.980,0.012,-0.017,1.019
1680017584876,2023-03-28T17.33.04.876,6.990,0.012,-0.015,1.019
1680017584886,2023-03-28T17.33.04.886,7.000,0.011,-0.016,1.018
1680017584896,2023-03-28T17.33.04.896,7.010,0.011,-0.015,1.018
1680017584906,2023-03-28T17.33.04.906,7.020,0.011,-0.017,1.020
1680017584916,2023-03-28T17.33.04.916,7.030,0.011,-0.016,1.017
1680017584926,2023-03-28T17.33.04.926,7.040,0.011,-0.016,1.017
1680017584936,2023-03-28T17.33.04.936,7.050,0.011,-0.016,1.019
1680017584946,2023-03-28T17.33.04.946,7.060,0.009,-0.016,1.017
1680017584956,2023-03-28T17.33.04.956,7.070,0.009,-0.017,1.018
1680017584966,2023-03-28T17.33.04.966,7.080,0.012,-0.016,1.018
1680017584976,2023-03-28T17.33.04.976,7.090,0.011,-0.015,1.019
1680017584986,2023-03-28T17.33.04.986,7.100,0.010,-0.015,1.018
1680017584996,2023-03-28T17.33.04.996,7.110,0.010,-0.014,1.018
1680017585006,2023-03-28T17.33.05.006,7.120,0.011,-0.016,1.019
1680017585016,2023-03-28T17.33.05.016,7.130,0.011,-0.017,1.018
1680017585026,2023-03-28T17.33.05.026,7.140,0.010,-0.016,1.017
1680017585036,2023-03-28T17.33.05.036,7.150,0.009,-0.016,1.017
1680017585046,2023-03-28T17.33.05.046,7.160,0.011,-0.016,1.018
1680017585056,2023-03-28T17.33.05.056,7.170,0.011,-0.013,1.018
1680017585066,2023-03-28T17.33.05.066,7.180,0.010,-0.015,1.017
1680017585076,2023-03-28T17.33.05.076,7.190,0.011,-0.015,1.016
1680017585086,2023-03-28T17.33.05.086,7.200,0.011,-0.017,1.018
1680017585096,2023-03-28T17.33.05.096,7.210,0.009,-0.017,1.018
1680017585106,2023-03-28T17.33.05.106,7.220,0.012,-0.016,1.017
1680017585116,2023-03-28T17.33.05.116,7.230,0.011,-0.016,1.017
1680017585126,2023-03-28T17.33.05.126,7.240,0.011,-0.017,1.019
1680017585136,2023-03-28T17.33.05.136,7.250,0.012,-0.016,1.018
1680017585146,2023-03-28T17.33.05.146,7.260,0.010,-0.016,1.019
1680017585156,2023-03-28T17.33.05.156,7.270,0.011,-0.017,1.020
1680017585166,2023-03-28T17.33.05.166,7.280,0.013,-0.015,1.018
1680017585176,2023-03-28T17.33.05.176,7.290,0.012,-0.017,1.018
1680017585186,2023-03-28T17.33.05.186,7.300,0.009,-0.016,1.020
1680017585196,2023-03-28T17.33.05.196,7.310,0.011,-0.016,1.019
1680017585206,2023-03-28T17.33.05.206,7.320,0.012,-0.016,1.018
1680017585216,2023-03-28T17.33.05.216,7.330,0.011,-0.014,1.018
1680017585226,2023-03-28T17.33.05.226,7.340,0.011,-0.016,1.017
1680017585236,2023-03-28T17.33.05.236,7.350,0.011,-0.016,1.019
1680017585246,2023-03-28T17.33.05.246,7.360,0.010,-0.014,1.021
1680017585256,2023-03-28T17.33.05.256,7.370,0.010,-0.017,1.017
1680017585266,2023-03-28T17.33.05.266,7.380,0.010,-0.016,1.019
1680017585276,2023-03-28T17.33.05.276,7.390,0.010,-0.014,1.019
1680017585286,2023-03-28T17.33.05.286,7.400,0.010,-0.016,1.020
1680017585296,2023-03-28T17.33.05.296,7.410,0.010,-0.017,1.018
1680017585306,2023-03-28T17.33.05.306,7.420,0.011,-0.017,1.018
1680017585316,2023-03-28T17.33.05.316,7.430,0.011,-0.015,1.018
1680017585326,2023-03-28T17.33.05.326,7.440,0.010,-0.015,1.019
1680017585336,2023-03-28T17.33.05.336,7.450,0.011,-0.016,1.020
1680017585346,2023-03-28T17.33.05.346,7.460,0.010,-0.015,1.021
1680017585356,2023-03-28T17.33.05.356,7.470,0.011,-0.016,1.017
1680017585366,2023-03-28T17.33.05.366,7.480,0.012,-0.016,1.015
1680017585376,2023-03-28T17.33.05.376,7.490,0.011,-0.016,1.019
1680017585386,2023-03-28T17.33.05.386,7.500,0.009,-0.014,1.020
1680017585396,2023-03-28T17.33.05.396,7.510,0.011,-0.014,1.019
1680017585406,2023-03-28T17.33.05.406,7.520,0.012,-0.014,1.019
1680017585416,2023-03-28T17.33.05.416,7.530,0.009,-0.013,1.020
1680017585426,2023-03-28T17.33.05.426,7.540,0.011,-0.017,1.017
1680017585436,2023-03-28T17.33.05.436,7.550,0.009,-0.015,1.018
1680017585446,2023-03-28T17.33.05.446,7.560,0.010,-0.016,1.018
1680017585456,2023-03-28T17.33.05.456,7.570,0.012,-0.018,1.018
1680017585466,2023-03-28T17.33.05.466,7.580,0.011,-0.015,1.018
1680017585476,2023-03-28T17.33.05.476,7.590,0.012,-0.015,1.018
1680017585486,2023-03-28T17.33.05.486,7.600,0.010,-0.014,1.018
1680017585496,2023-03-28T17.33.05.496,7.610,0.010,-0.016,1.019
1680017585506,2023-03-28T17.33.05.506,7.620,0.011,-0.016,1.016
1680017585516,2023-03-28T17.33.05.516,7.630,0.010,-0.017,1.018
1680017585526,2023-03-28T17.33.05.526,7.640,0.012,-0.016,1.018
1680017585536,2023-03-28T17.33.05.536,7.650,0.013,-0.016,1.018
1680017585546,2023-03-28T17.33.05.546,7.660,0.011,-0.013,1.018
1680017585556,2023-03-28T17.33.05.556,7.670,0.010,-0.015,1.016
1680017585566,2023-03-28T17.33.05.566,7.680,0.010,-0.015,1.019
1680017585576,2023-03-28T17.33.05.576,7.690,0.010,-0.016,1.019
1680017585586,2023-03-28T17.33.05.586,7.700,0.009,-0.017,1.018
1680017585596,2023-03-28T17.33.05.596,7.710,0.010,-0.017,1.017
1680017585606,2023-03-28T17.33.05.606,7.720,0.011,-0.016,1.018
1680017585616,2023-03-28T17.33.05.616,7.730,0.010,-0.015,1.019
1680017585626,2023-03-28T17.33.05.626,7.740,0.011,-0.016,1.017
1680017585636,2023-03-28T17.33.05.636,7.750,0.010,-0.016,1.016
1680017585646,2023-03-28T17.33.05.646,7.760,0.012,-0.015,1.016
1680017585656,2023-03-28T17.33.05.656,7.770,0.010,-0.016,1.016
1680017585666,2023-03-28T17.33.05.666,7.780,0.010,-0.016,1.018
1680017585676,2023-03-28T17.33.05.676,7.790,0.010,-0.015,1.018
1680017585686,2023-03-28T17.33.05.686,7.800,0.011,-0.015,1.018
1680017585696,2023-03-28T17.33.05.696,7.810,0.011,-0.015,1.018
1680017585706,2023-03-28T17.33.05.706,7.820,0.011,-0.015,1.017
1680017585716,2023-03-28T17.33.05.716,7.830,0.011,-0.014,1.016
1680017585726,2023-03-28T17.33.05.726,7.840,0.011,-0.014,1.017
1680017585736,2023-03-28T17.33.05.736,7.850,0.010,-0.016,1.018
1680017585746,2023-03-28T17.33.05.746,7.860,0.011,-0.016,1.017
1680017585756,2023-03-28T17.33.05.756,7.870,0.012,-0.017,1.016
1680017585766,2023-03-28T17.33.05.766,7.880,0.012,-0.016,1.017
1680017585776,2023-03-28T17.33.05.776,7.890,0.011,-0.016,1.017
1680017585786,2023-03-28T17.33.05.786,7.900,0.011,-0.014,1.019
1680017585796,2023-03-28T17.33.05.796,7.910,0.010,-0.015,1.019
1680017585806,2023-03-28T17.33.05.806,7.920,0.011,-0.016,1.018
1680017585816,2023-03-28T17.33.05.816,7.930,0.010,-0.016,1.018
1680017585826,2023-03-28T17.33.05.826,7.940,0.009,-0.016,1.017
1680017585836,2023-03-28T17.33.05.836,7.950,0.011,-0.015,1.020
1680017585846,2023-03-28T17.33.05.846,7.960,0.011,-0.016,1.018
1680017585856,2023-03-28T17.33.05.856,7.970,0.010,-0.017,1.017
1680017585866,2023-03-28T17.33.05.866,7.980,0.013,-0.017,1.018
1680017585876,2023-03-28T17.33.05.876,7.990,0.011,-0.015,1.017
1680017585886,2023-03-28T17.33.05.886,8.000,0.012,-0.014,1.018
1680017585896,2023-03-28T17.33.05.896,8.010,0.011,-0.017,1.018
1680017585906,2023-03-28T17.33.05.906,8.020,0.011,-0.018,1.018
1680017585916,2023-03-28T17.33.05.916,8.030,0.010,-0.016,1.018
1680017585926,2023-03-28T17.33.05.926,8.040,0.011,-0.015,1.018
1680017585936,2023-03-28T17.33.05.936,8.050,0.010,-0.016,1.017
1680017585946,2023-03-28T17.33.05.946,8.060,0.011,-0.017,1.017
1680017585956,2023-03-28T17.33.05.956,8.070,0.012,-0.015,1.013
1680017585966,2023-03-28T17.33.05.966,8.080,0.011,-0.016,1.017
1680017585976,2023-03-28T17.33.05.976,8.090,0.009,-0.015,1.019
1680017585986,2023-03-28T17.33.05.986,8.100,0.010,-0.016,1.018
1680017585996,2023-03-28T17.33.05.996,8.110,0.011,-0.015,1.017
1680017586006,2023-03-28T17.33.06.006,8.120,0.012,-0.016,1.019
1680017586016,2023-03-28T17.33.06.016,8.130,0.011,-0.016,1.019
1680017586026,2023-03-28T17.33.06.026,8.140,0.009,-0.016,1.019
1680017586036,2023-03-28T17.33.06.036,8.150,0.010,-0.016,1.017
1680017586046,2023-03-28T17.33.06.046,8.160,0.011,-0.015,1.017
1680017586056,2023-03-28T17.33.06.056,8.170,0.011,-0.017,1.016
1680017586066,2023-03-28T17.33.06.066,8.180,0.010,-0.016,1.020
1680017586076,2023-03-28T17.33.06.076,8.190,0.010,-0.013,1.020
1680017586086,2023-03-28T17.33.06.086,8.200,0.009,-0.015,1.017
1680017586096,2023-03-28T17.33.06.096,8.210,0.008,-0.015,1.021
1680017586106,2023-03-28T17.33.06.106,8.220,0.013,-0.016,1.018
1680017586116,2023-03-28T17.33.06.116,8.230,0.012,-0.014,1.018
1680017586126,2023-03-28T17.33.06.126,8.240,0.011,-0.015,1.021
1680017586136,2023-03-28T17.33.06.136,8.250,0.010,-0.015,1.018
1680017586146,2023-03-28T17.33.06.146,8.260,0.012,-0.016,1.018
1680017586156,2023-03-28T17.33.06.156,8.270,0.011,-0.017,1.018
1680017586166,2023-03-28T17.33.06.166,8.280,0.010,-0.015,1.018
1680017586176,2023-03-28T17.33.06.176,8.290,0.010,-0.016,1.019
1680017586186,2023-03-28T17.33.06.186,8.300,0.009,-0.017,1.017
1680017586196,2023-03-28T17.33.06.196,8.310,0.011,-0.017,1.018
1680017586206,2023-03-28T17.33.06.206,8.320,0.010,-0.016,1.017
1680017586216,2023-03-28T17.33.06.216,8.330,0.011,-0.017,1.017
1680017586226,2023-03-28T17.33.06.226,8.340,0.011,-0.019,1.017
1680017586236,2023-03-28T17.33.06.236,8.350,0.011,-0.015,1.016
1680017586246,2023-03-28T17.33.06.246,8.360,0.010,-0.013,1.018
1680017586256,2023-03-28T17.33.06.256,8.370,0.010,-0.015,1.018
1680017586266,2023-03-28T17.33.06.266,8.380,0.009,-0.016,1.017
1680017586276,2023-03-28T17.33.06.276,8.390,0.011,-0.018,1.020
1680017586286,2023-03-28T17.33.06.286,8.400,0.011,-0.017,1.019
1680017586296,2023-03-28T17.33.06.296,8.410,0.008,-0.017,1.017
1680017586306,2023-03-28T17.33.06.306,8.420,0.008,-0.016,1.018
1680017586316,2023-03-28T17.33.06.316,8.430,0.009,-0.016,1.016
1680017586326,2023-03-28T17.33.06.326,8.440,0.011,-0.017,1.018
1680017586336,2023-03-28T17.33.06.336,8.450,0.012,-0.018,1.018
1680017586346,2023-03-28T17.33.06.346,8.460,0.010,-0.017,1.021
1680017586356,2023-03-28T17.33.06.356,8.470,0.009,-0.017,1.019
1680017586366,2023-03-28T17.33.06.366,8.480,0.009,-0.016,1.019
1680017586376,2023-03-28T17.33.06.376,8.490,0.009,-0.014,1.018
1680017586386,2023-03-28T17.33.06.386,8.500,0.011,-0.017,1.019
1680017586396,2023-03-28T17.33.06.396,8.510,0.009,-0.016,1.014
1680017586406,2023-03-28T17.33.06.406,8.520,0.010,-0.017,1.022
1680017586416,2023-03-28T17.33.06.416,8.530,0.011,-0.018,1.019
1680017586426,2023-03-28T17.33.06.426,8.540,0.011,-0.017,1.016
1680017586436,2023-03-28T17.33.06.436,8.550,0.011,-0.015,1.020
1680017586446,2023-03-28T17.33.06.446,8.560,0.011,-0.015,1.016
1680017586456,2023-03-28T17.33.06.456,8.570,0.007,-0.016,1.014
1680017586466,2023-03-28T17.33.06.466,8.580,0.010,-0.014,1.020
1680017586476,2023-03-28T17.33.06.476,8.590,0.011,-0.015,1.020
1680017586486,2023-03-28T17.33.06.486,8.600,0.010,-0.017,1.017
1680017586496,2023-03-28T17.33.06.496,8.610,0.010,-0.018,1.017
1680017586506,2023-03-28T17.33.06.506,8.620,0.011,-0.017,1.018
1680017586516,2023-03-28T17.33.06.516,8.630,0.011,-0.016,1.019
1680017586526,2023-03-28T17.33.06.526,8.640,0.010,-0.013,1.019
1680017586536,2023-03-28T17.33.06.536,8.650,0.009,-0.013,1.017
1680017586546,2023-03-28T17.33.06.546,8.660,0.012,-0.015,1.017
1680017586556,2023-03-28T17.33.06.556,8.670,0.011,-0.016,1.018
1680017586566,2023-03-28T17.33.06.566,8.680,0.012,-0.017,1.016
1680017586576,2023-03-28T17.33.06.576,8.690,0.013,-0.018,1.017
1680017586586,2023-03-28T17.33.06.586,8.700,0.011,-0.018,1.019
1680017586596,2023-03-28T17.33.06.596,8.710,0.010,-0.016,1.018
1680017586606,2023-03-28T17.33.06.606,8.720,0.008,-0.013,1.020
1680017586616,2023-03-28T17.33.06.616,8.730,0.011,-0.015,1.019
1680017586626,2023-03-28T17.33.06.626,8.740,0.013,-0.016,1.017
1680017586636,2023-03-28T17.33.06.636,8.750,0.012,-0.017,1.018
1680017586646,2023-03-28T17.33.06.646,8.760,0.012,-0.018,1.017
1680017586656,2023-03-28T17.33.06.656,8.770,0.012,-0.016,1.019
1680017586666,2023-03-28T17.33.06.666,8.780,0.011,-0.014,1.018
1680017586676,2023-03-28T17.33.06.676,8.790,0.010,-0.014,1.017
1680017586686,2023-03-28T17.33.06.686,8.800,0.009,-0.015,1.016
1680017586696,2023-03-28T17.33.06.696,8.810,0.009,-0.015,1.017
1680017586706,2023-03-28T17.33.06.706,8.820,0.013,-0.018,1.017
1680017586716,2023-03-28T17.33.06.716,8.830,0.012,-0.017,1.019
1680017586726,2023-03-28T17.33.06.726,8.840,0.012,-0.016,1.019
1680017586736,2023-03-28T17.33.06.736,8.850,0.010,-0.014,1.017
1680017586746,2023-03-28T17.33.06.746,8.860,0.010,-0.014,1.018
1680017586756,2023-03-28T17.33.06.756,8.870,0.009,-0.014,1.019
1680017586766,2023-03-28T17.33.06.766,8.880,0.010,-0.014,1.017
1680017586776,2023-03-28T17.33.06.776,8.890,0.010,-0.016,1.017
1680017586786,2023-03-28T17.33.06.786,8.900,0.011,-0.018,1.020
1680017586796,2023-03-28T17.33.06.796,8.910,0.012,-0.017,1.016
1680017586806,2023-03-28T17.33.06.806,8.920,0.010,-0.014,1.017
1680017586816,2023-03-28T17.33.06.816,8.930,0.007,-0.014,1.017
1680017586826,2023-03-28T17.33.06.826,8.940,0.009,-0.015,1.019
1680017586836,2023-03-28T17.33.06.836,8.950,0.011,-0.015,1.015
1680017586846,2023-03-28T17.33.06.846,8.960,0.010,-0.015,1.017
1680017586856,2023-03-28T17.33.06.856,8.970,0.011,-0.019,1.020
1680017586866,2023-03-28T17.33.06.866,8.980,0.012,-0.018,1.017
1680017586876,2023-03-28T17.33.06.876,8.990,0.012,-0.015,1.017
1680017586886,2023-03-28T17.33.06.886,9.000,0.011,-0.017,1.020
1680017586896,2023-03-28T17.33.06.896,9.010,0.010,-0.016,1.019
1680017586906,2023-03-28T17.33.06.906,9.020,0.010,-0.015,1.017
1680017586916,2023-03-28T17.33.06.916,9.030,0.009,-0.015,1.017
1680017586926,2023-03-28T17.33.06.926,9.040,0.010,-0.015,1.017
1680017586936,2023-03-28T17.33.06.936,9.050,0.010,-0.017,1.020
1680017586946,2023-03-28T17.33.06.946,9.060,0.013,-0.018,1.018
1680017586956,2023-03-28T17.33.06.956,9.070,0.011,-0.017,1.018
1680017586966,2023-03-28T17.33.06.966,9.080,0.010,-0.016,1.018
1680017586976,2023-03-28T17.33.06.976,9.090,0.009,-0.015,1.017
1680017586986,2023-03-28T17.33.06.986,9.100,0.010,-0.014,1.019
1680017586996,2023-03-28T17.33.06.996,9.110,0.010,-0.016,1.019
1680017587006,2023-03-28T17.33.07.006,9.120,0.010,-0.016,1.016
1680017587016,2023-03-28T17.33.07.016,9.130,0.012,-0.018,1.018
1680017587026,2023-03-28T17.33.07.026,9.140,0.011,-0.018,1.018
1680017587036,2023-03-28T17.33.07.036,9.150,0.009,-0.016,1.017
1680017587046,2023-03-28T17.33.07.046,9.160,0.008,-0.016,1.017
1680017587056,2023-03-28T17.33.07.056,9.170,0.011,-0.015,1.018
1680017587066,2023-03-28T17.33.07.066,9.180,0.011,-0.016,1.018
1680017587076,2023-03-28T17.33.07.076,9.190,0.009,-0.017,1.017
1680017587086,2023-03-28T17.33.07.086,9.200,0.011,-0.016,1.018
1680017587096,2023-03-28T17.33.07.096,9.210,0.011,-0.017,1.017
1680017587106,2023-03-28T17.33.07.106,9.220,0.010,-0.015,1.018
1680017587116,2023-03-28T17.33.07.116,9.230,0.009,-0.017,1.017
1680017587126,2023-03-28T17.33.07.126,9.240,0.011,-0.014,1.019
1680017587136,2023-03-28T17.33.07.136,9.250,0.010,-0.015,1.018
1680017587146,2023-03-28T17.33.07.146,9.260,0.011,-0.015,1.018
1680017587156,2023-03-28T17.33.07.156,9.270,0.010,-0.016,1.018
1680017587166,2023-03-28T17.33.07.166,9.280,0.011,-0.019,1.018
1680017587176,2023-03-28T17.33.07.176,9.290,0.013,-0.016,1.018
1680017587186,2023-03-28T17.33.07.186,9.300,0.012,-0.015,1.020
1680017587196,2023-03-28T17.33.07.196,9.310,0.010,-0.014,1.018
1680017587206,2023-03-28T17.33.07.206,9.320,0.010,-0.013,1.018
1680017587216,2023-03-28T17.33.07.216,9.330,0.010,-0.015,1.018
1680017587226,2023-03-28T17.33.07.226,9.340,0.011,-0.016,1.020
1680017587236,2023-03-28T17.33.07.236,9.350,0.010,-0.018,1.019
1680017587246,2023-03-28T17.33.07.246,9.360,0.011,-0.017,1.018
1680017587256,2023-03-28T17.33.07.256,9.370,0.012,-0.017,1.018
1680017587266,2023-03-28T17.33.07.266,9.380,0.012,-0.016,1.018
1680017587276,2023-03-28T17.33.07.276,9.390,0.012,-0.015,1.019
1680017587286,2023-03-28T17.33.07.286,9.400,0.009,-0.015,1.020
1680017587296,2023-03-28T17.33.07.296,9.410,0.010,-0.015,1.018
1680017587306,2023-03-28T17.33.07.306,9.420,0.011,-0.017,1.017
1680017587316,2023-03-28T17.33.07.316,9.430,0.011,-0.016,1.019
1680017587326,2023-03-28T17.33.07.326,9.440,0.011,-0.017,1.018
1680017587336,2023-03-28T17.33.07.336,9.450,0.010,-0.015,1.019
1680017587346,2023-03-28T17.33.07.346,9.460,0.009,-0.015,1.018
1680017587356,2023-03-28T17.33.07.356,9.470,0.010,-0.014,1.018
1680017587366,2023-03-28T17.33.07.366,9.480,0.011,-0.014,1.019
1680017587376,2023-03-28T17.33.07.376,9.490,0.011,-0.016,1.016
1680017587386,2023-03-28T17.33.07.386,9.500,0.011,-0.016,1.018
1680017587396,2023-03-28T17.33.07.396,9.510,0.010,-0.017,1.017
1680017587406,2023-03-28T17.33.07.406,9.520,0.011,-0.018,1.018
1680017587416,2023-03-28T17.33.07.416,9.530,0.012,-0.015,1.018
1680017587426,2023-03-28T17.33.07.426,9.540,0.009,-0.015,1.018
1680017587436,2023-03-28T17.33.07.436,9.550,0.010,-0.015,1.018
1680017587446,2023-03-28T17.33.07.446,9.560,0.011,-0.015,1.018
1680017587456,2023-03-28T17.33.07.456,9.570,0.011,-0.016,1.020
1680017587466,2023-03-28T17.33.07.466,9.580,0.012,-0.017,1.019
1680017587476,2023-03-28T17.33.07.476,9.590,0.012,-0.018,1.018
1680017587486,2023-03-28T17.33.07.486,9.600,0.010,-0.017,1.017
1680017587496,2023-03-28T17.33.07.496,9.610,0.011,-0.016,1.017
1680017587506,2023-03-28T17.33.07.506,9.620,0.010,-0.014,1.017
1680017587516,2023-03-28T17.33.07.516,9.630,0.010,-0.014,1.018
1680017587526,2023-03-28T17.33.07.526,9.640,0.010,-0.016,1.018
1680017587536,2023-03-28T17.33.07.536,9.650,0.013,-0.016,1.018
1680017587546,2023-03-28T17.33.07.546,9.660,0.010,-0.017,1.016
1680017587556,2023-03-28T17.33.07.556,9.670,0.011,-0.017,1.018
1680017587566,2023-03-28T17.33.07.566,9.680,0.011,-0.015,1.018
1680017587576,2023-03-28T17.33.07.576,9.690,0.010,-0.015,1.018
1680017587586,2023-03-28T17.33.07.586,9.700,0.011,-0.014,1.018
1680017587596,2023-03-28T17.33.07.596,9.710,0.011,-0.015,1.019
1680017587606,2023-03-28T17.33.07.606,9.720,0.010,-0.017,1.020
1680017587616,2023-03-28T17.33.07.616,9.730,0.012,-0.017,1.018
1680017587626,2023-03-28T17.33.07.626,9.740,0.009,-0.017,1.018
1680017587636,2023-03-28T17.33.07.636,9.750,0.010,-0.015,1.018
1680017587646,2023-03-28T17.33.07.646,9.760,0.011,-0.015,1.019
1680017587656,2023-03-28T17.33.07.656,9.770,0.010,-0.016,1.018
1680017587666,2023-03-28T17.33.07.666,9.780,0.011,-0.015,1.017
1680017587676,2023-03-28T17.33.07.676,9.790,0.010,-0.016,1.018
1680017587686,2023-03-28T17.33.07.686,9.800,0.009,-0.018,1.019
1680017587696,2023-03-28T17.33.07.696,9.810,0.010,-0.016,1.018
1680017587706,2023-03-28T17.33.07.706,9.820,0.010,-0.016,1.018
1680017587716,2023-03-28T17.33.07.716,9.830,0.010,-0.016,1.018
1680017587726,2023-03-28T17.33.07.726,9.840,0.010,-0.015,1.018
1680017587736,2023-03-28T17.33.07.736,9.850,0.010,-0.017,1.019
1680017587746,2023-03-28T17.33.07.746,9.860,0.010,-0.016,1.018
1680017587756,2023-03-28T17.33.07.756,9.870,0.010,-0.016,1.018
1680017587766,2023-03-28T17.33.07.766,9.880,0.011,-0.016,1.018
1680017587776,2023-03-28T17.33.07.776,9.890,0.010,-0.019,1.018
1680017587786,2023-03-28T17.33.07.786,9.900,0.010,-0.017,1.017
1680017587796,2023-03-28T17.33.07.796,9.910,0.009,-0.016,1.018
1680017587806,2023-03-28T17.33.07.806,9.920,0.011,-0.016,1.018
1680017587816,2023-03-28T17.33.07.816,9.930,0.011,-0.015,1.018
1680017587826,2023-03-28T17.33.07.826,9.940,0.010,-0.016,1.017
1680017587836,2023-03-28T17.33.07.836,9.950,0.013,-0.017,1.019
1680017587846,2023-03-28T17.33.07.846,9.960,0.012,-0.016,1.018
1680017587856,2023-03-28T17.33.07.856,9.970,0.012,-0.017,1.020
1680017587866,2023-03-28T17.33.07.866,9.980,0.012,-0.016,1.018
1680017587876,2023-03-28T17.33.07.876,9.990,0.011,-0.015,1.020
1680017587886,2023-03-28T17.33.07.886,10.000,0.009,-0.016,1.017
1680017587896,2023-03-28T17.33.07.896,10.010,0.011,-0.014,1.016
1680017587906,2023-03-28T17.33.07.906,10.020,0.011,-0.015,1.018
1680017587916,2023-03-28T17.33.07.916,10.030,0.011,-0.018,1.018
1680017587926,2023-03-28T17.33.07.926,10.040,0.011,-0.017,1.018
1680017587936,2023-03-28T17.33.07.936,10.050,0.011,-0.016,1.018
1680017587946,2023-03-28T17.33.07.946,10.060,0.010,-0.015,1.019
1680017587956,2023-03-28T17.33.07.956,10.070,0.011,-0.015,1.017
1680017587966,2023-03-28T17.33.07.966,10.080,0.011,-0.016,1.017
1680017587976,2023-03-28T17.33.07.976,10.090,0.011,-0.016,1.020
1680017587986,2023-03-28T17.33.07.986,10.100,0.012,-0.015,1.018
1680017587996,2023-03-28T17.33.07.996,10.110,0.012,-0.016,1.019
1680017588006,2023-03-28T17.33.08.006,10.120,0.010,-0.018,1.018
1680017588016,2023-03-28T17.33.08.016,10.130,0.011,-0.015,1.016
1680017588026,2023-03-28T17.33.08.026,10.140,0.011,-0.015,1.019
1680017588036,2023-03-28T17.33.08.036,10.150,0.011,-0.016,1.020
1680017588046,2023-03-28T17.33.08.046,10.160,0.011,-0.016,1.020
1680017588056,2023-03-28T17.33.08.056,10.170,0.010,-0.016,1.020
1680017588066,2023-03-28T17.33.08.066,10.180,0.012,-0.016,1.020
1680017588076,2023-03-28T17.33.08.076,10.190,0.012,-0.016,1.018
1680017588086,2023-03-28T17.33.08.086,10.200,0.010,-0.016,1.018
1680017588096,2023-03-28T17.33.08.096,10.210,0.012,-0.015,1.019
1680017588106,2023-03-28T17.33.08.106,10.220,0.010,-0.017,1.018
1680017588116,2023-03-28T17.33.08.116,10.230,0.010,-0.016,1.018
1680017588126,2023-03-28T17.33.08.126,10.240,0.008,-0.015,1.020
1680017588136,2023-03-28T17.33.08.136,10.250,0.010,-0.017,1.018
1680017588146,2023-03-28T17.33.08.146,10.260,0.011,-0.014,1.019
1680017588156,2023-03-28T17.33.08.156,10.270,0.009,-0.014,1.019
1680017588166,2023-03-28T17.33.08.166,10.280,0.010,-0.016,1.017
1680017588176,2023-03-28T17.33.08.176,10.290,0.013,-0.017,1.018
1680017588186,2023-03-28T17.33.08.186,10.300,0.011,-0.015,1.019
1680017588196,2023-03-28T17.33.08.196,10.310,0.010,-0.013,1.020
1680017588206,2023-03-28T17.33.08.206,10.320,0.011,-0.015,1.017
1680017588216,2023-03-28T17.33.08.216,10.330,0.011,-0.014,1.016
1680017588226,2023-03-28T17.33.08.226,10.340,0.011,-0.014,1.019
1680017588236,2023-03-28T17.33.08.236,10.350,0.012,-0.016,1.019
1680017588246,2023-03-28T17.33.08.246,10.360,0.011,-0.017,1.019
1680017588256,2023-03-28T17.33.08.256,10.370,0.012,-0.016,1.020
1680017588266,2023-03-28T17.33.08.266,10.380,0.013,-0.016,1.018
1680017588276,2023-03-28T17.33.08.276,10.390,0.012,-0.018,1.017
1680017588286,2023-03-28T17.33.08.286,10.400,0.011,-0.017,1.019
1680017588296,2023-03-28T17.33.08.296,10.410,0.010,-0.014,1.018
1680017588306,2023-03-28T17.33.08.306,10.420,0.010,-0.013,1.017
1680017588316,2023-03-28T17.33.08.316,10.430,0.010,-0.016,1.017